domain,warc_date,text_len,rn
183ai.com,2026-03-05 10:40:49+03:00,68,1
198gg.com,2026-03-05 10:10:13+03:00,1174,1
1cms.io,2026-03-05 11:47:00+03:00,13865,1
1p30s.com,2026-03-05 11:47:26+03:00,1869,1
2e-vaucresson-garches.agse.fr,2026-03-05 10:39:59+03:00,5873,1
3g.made-in-china.com,2026-03-05 10:16:14+03:00,466,1
411realestatenow.com,2026-03-05 11:56:16+03:00,11497,1
5lovelanguages.com,2026-03-05 11:11:23+03:00,6420,1
702jj.com,2026-03-05 11:49:37+03:00,617,1
a3es.pt,2026-03-05 11:03:10+03:00,4670,1
aanirfan.blogspot.com,2026-03-05 11:47:39+03:00,9482,1
abaragambi.com,2026-03-05 11:10:26+03:00,5108,1
abetech.be,2026-03-05 11:05:35+03:00,1701,1
accentrenovations.ca,2026-03-05 11:52:43+03:00,2946,1
accessnri.co.uk,2026-03-05 11:23:47+03:00,550,1
achampssportsgrill.net,2026-03-05 10:53:06+03:00,772,1
act.mit.edu,2026-03-05 10:46:28+03:00,2258,1
actamedica.lfhk.cuni.cz,2026-03-05 11:49:34+03:00,2863,1
actibva.com,2026-03-05 11:56:52+03:00,6227,1
actoc.com,2026-03-05 11:54:14+03:00,9762,1
admin.rushlimbaugh.com,2026-03-05 10:21:35+03:00,1024,1
admissionforms.in,2026-03-05 11:15:26+03:00,7414,1
afeao.ca,2026-03-05 11:32:46+03:00,1223,1
agamble.com,2026-03-05 10:48:06+03:00,1210,1
agiati.org,2026-03-05 10:09:51+03:00,5931,1
aics-agency.com,2026-03-05 11:40:15+03:00,2267,1
airmedcloud.com,2026-03-05 10:49:03+03:00,619,1
alaakasiz.com,2026-03-05 11:16:33+03:00,1095,1
alamohomebuyers.com,2026-03-05 10:59:12+03:00,3737,1
alitechworld.pk,2026-03-05 11:39:36+03:00,1691,1
am1230kbar.com,2026-03-05 10:38:19+03:00,5920,1
americafileskctk.web.app,2026-03-05 11:06:48+03:00,3937,1
amicaledesretraitesbnc.ca,2026-03-05 11:23:43+03:00,3608,1
anasaffron.com,2026-03-05 11:34:29+03:00,36775,1
ancienbijouxmontre.com,2026-03-05 11:31:46+03:00,8519,1
andrewtchin.com,2026-03-05 10:09:09+03:00,3001,1
animatedmaterials-zubcks1a1tap.needle.run,2026-03-05 11:39:04+03:00,85,1
animestudio.blog,2026-03-05 11:14:42+03:00,708,1
antaresnet.com,2026-03-05 11:26:37+03:00,7617,1
app.trinethire.com,2026-03-05 11:12:05+03:00,604,1
applelp.com,2026-03-05 11:24:04+03:00,381,1
apply.e-tumo.jp,2026-03-05 10:24:21+03:00,953,1
aquarez-shop.com,2026-03-05 10:31:51+03:00,6101,1
arabbeeresearchers.net,2026-03-05 11:48:00+03:00,1752,1
arabfcs.org,2026-03-05 10:47:46+03:00,2884,1
arborgheritagevillage.ca,2026-03-05 10:56:47+03:00,496,1
archiv.ifz-muenchen.de,2026-03-05 11:27:25+03:00,33,1
archiveisi.sfu-kras.ru,2026-03-05 11:26:20+03:00,4382,1
archives.musee-archeologienationale.fr,2026-03-05 11:04:06+03:00,2882,1
areainternationalusa.com,2026-03-05 10:56:42+03:00,846,1
