doc_id,domain,warc_date,text_len
CC-MAIN-20260305070756-20260305100756-00000.warc.wet_277,fidelissoftwaresolutions.com,2026-03-05T08:01:50Z,1001
CC-MAIN-20260305070756-20260305100756-00000.warc.wet_329,globalvv.com,2026-03-05T08:52:17Z,1001
CC-MAIN-20260305070756-20260305100756-00000.warc.wet_367,horinao.com,2026-03-05T08:02:29Z,1001
CC-MAIN-20260305070756-20260305100756-00000.warc.wet_11597,uto-knit.com,2026-03-05T07:36:25Z,1001
CC-MAIN-20260305070756-20260305100756-00000.warc.wet_12376,www.alkidprof.ru,2026-03-05T07:27:20Z,1001
CC-MAIN-20260305070756-20260305100756-00000.warc.wet_14320,www.fanpop.com,2026-03-05T08:28:20Z,1001
CC-MAIN-20260305070756-20260305100756-00000.warc.wet_14542,www.frontsigns.com,2026-03-05T08:24:13Z,1001
CC-MAIN-20260305070756-20260305100756-00000.warc.wet_3110,boligluksus.dk,2026-03-05T07:36:49Z,1002
CC-MAIN-20260305070756-20260305100756-00000.warc.wet_6383,inp.one,2026-03-05T08:53:00Z,1002
CC-MAIN-20260305070756-20260305100756-00000.warc.wet_9443,qoto.org,2026-03-05T08:28:00Z,1002
CC-MAIN-20260305070756-20260305100756-00000.warc.wet_16447,www.monterosaoutdoor.it,2026-03-05T08:13:11Z,1002
CC-MAIN-20260305070756-20260305100756-00000.warc.wet_18200,www.submarine.jp,2026-03-05T08:40:14Z,1002
CC-MAIN-20260305070756-20260305100756-00000.warc.wet_5630,gj.re-ele.com,2026-03-05T08:14:43Z,1003
CC-MAIN-20260305070756-20260305100756-00000.warc.wet_8705,oneeco-akashi.com,2026-03-05T08:26:11Z,1003
CC-MAIN-20260305070756-20260305100756-00000.warc.wet_352,handyhometips.com,2026-03-05T08:39:55Z,1004
CC-MAIN-20260305070756-20260305100756-00000.warc.wet_3259,business.cloverdalechamber.ca,2026-03-05T08:10:38Z,1004
CC-MAIN-20260305070756-20260305100756-00000.warc.wet_10819,syndicado.com,2026-03-05T07:34:03Z,1004
CC-MAIN-20260305070756-20260305100756-00000.warc.wet_3326,camp-foundation.com,2026-03-05T08:35:38Z,1005
CC-MAIN-20260305070756-20260305100756-00000.warc.wet_7322,lightray.ru,2026-03-05T08:15:26Z,1005
CC-MAIN-20260305070756-20260305100756-00000.warc.wet_449,kurashinogakkou.com,2026-03-05T08:08:37Z,1006
